{
  "version": "v4",
  "repo": "borisyankov/DefinitelyTyped",
  "ref": "master",
  "path": "typings",
  "bundle": "typings/tsd.d.ts",
  "installed": {
    "express/express.d.ts": {
      "commit": "e69fe60f2d6377ea4fae539493997b098f52cad1"
    },
    "node/node.d.ts": {
      "commit": "e69fe60f2d6377ea4fae539493997b098f52cad1"
    },
    "serve-static/serve-static.d.ts": {
      "commit": "e69fe60f2d6377ea4fae539493997b098f52cad1"
    },
    "mime/mime.d.ts": {
      "commit": "e69fe60f2d6377ea4fae539493997b098f52cad1"
    },
    "body-parser/body-parser.d.ts": {
      "commit": "e5b11858676f54051a890ca63f9c06ab6f515251"
    },
    "morgan/morgan.d.ts": {
      "commit": "e5b11858676f54051a890ca63f9c06ab6f515251"
    },
    "mysql/mysql.d.ts": {
      "commit": "7fffbd3e040a93c244777e3be04cd6223ac69301"
    },
    "angularjs/angular.d.ts": {
      "commit": "7fffbd3e040a93c244777e3be04cd6223ac69301"
    },
    "jquery/jquery.d.ts": {
      "commit": "7fffbd3e040a93c244777e3be04cd6223ac69301"
    },
    "moment/moment-node.d.ts": {
      "commit": "7fffbd3e040a93c244777e3be04cd6223ac69301"
    },
    "moment/moment.d.ts": {
      "commit": "7fffbd3e040a93c244777e3be04cd6223ac69301"
    },
    "form-data/form-data.d.ts": {
      "commit": "7fffbd3e040a93c244777e3be04cd6223ac69301"
    },
    "bluebird/bluebird.d.ts": {
      "commit": "e69fe60f2d6377ea4fae539493997b098f52cad1"
    },
    "mongoose/mongoose.d.ts": {
      "commit": "7fffbd3e040a93c244777e3be04cd6223ac69301"
    },
    "express-session/express-session.d.ts": {
      "commit": "e69fe60f2d6377ea4fae539493997b098f52cad1"
    },
    "passport/passport.d.ts": {
      "commit": "e69fe60f2d6377ea4fae539493997b098f52cad1"
    }
  }
}
